case_id,scenario,r,auc21_proxy,n_mc,n_valid,alpha_med,H_med_assumed,H_sigma_logn,dose_dependent_H,gamma,beta_p05,beta_p50,beta_p95,TT_mid_p05,TT_mid_p50,TT_mid_p95,supp_mid_p05,supp_mid_p50,supp_mid_p95,obs_TT_mid,obs_supp_mid_pct_vs_baseline622,obs_inside_mid_band,note
special_1,24h_half_life (r=0.5),0.5,2380.0,15000,15000,0.06701129383766863,10.0,0.35364652069384966,False,0.0,0.0440063487792301,0.07658922943328107,0.13545952605991013,192.3848360726616,212.41513378101075,260.8418317930692,58.06401418117858,65.84965694839056,69.06996204619588,286.0,54.01929260450161,False,
special_1,36h_half_life (r=0.63),0.63,2380.0,15000,15000,0.06701129383766863,10.0,0.35364652069384966,False,0.0,0.04401195822546755,0.07659075832102105,0.13545875990421677,192.4249792445433,212.58028621267619,261.1883868747105,58.00829793011085,65.82310511050221,69.06350816004127,286.0,54.01929260450161,False,
