,Scenario,Dose_mg_per_day,TT_simulated_ng_dL,Suppression_fraction,Suppression_percent
21,24h_half_life (r=0.5),0.1,506.0,0.1864951768488746,18.64951768488746
43,24h_half_life (r=0.5),0.3,436.0,0.2990353697749196,29.903536977491964
65,24h_half_life (r=0.5),1.0,340.0,0.4533762057877814,45.337620578778136
87,36h_half_life (r=0.63),0.1,506.0,0.1864951768488746,18.64951768488746
109,36h_half_life (r=0.63),0.3,436.0000000000001,0.29903536977491946,29.903536977491946
131,36h_half_life (r=0.63),1.0,340.0000000000001,0.45337620578778115,45.337620578778115
