Scenario,Dose_mg_per_day,AUC_day21,Observed_TT_day21,Simulated_TT_day21,alpha_per_day,beta_fitted
24h_half_life (r=0.5),0.1,19.0,506.0,505.99999999999994,0.06696700846319259,0.10564532647289751
24h_half_life (r=0.5),0.3,85.0,436.0,435.99999999999994,0.06696700846319259,0.07774031570708127
24h_half_life (r=0.5),1.0,238.0,340.0,340.0,0.06696700846319259,0.09205337573828762
36h_half_life (r=0.63),0.1,19.0,506.0,505.99999999999994,0.06696700846319259,0.1072797359984482
36h_half_life (r=0.63),0.3,85.0,436.0,436.0000000000001,0.06696700846319259,0.07845934064043981
36h_half_life (r=0.63),1.0,238.0,340.0,340.0000000000001,0.06696700846319259,0.09250494492919074
