Series,Dose_mg_day,Duration_days,TT0_ng_dL,TTend_ng_dL,Suppression_end_pct
"Anecdote #1: 10 mg/day, 7 wks",10.0,49,533.0,146.2,72.57035647279551
"Anecdote #2: 3 mg/day, 2 wks",3.0,14,432.0,152.64,64.66666666666667
"Anecdote #3: 10 mg/day, 8 wks",10.0,56,1363.0,557.0,59.13426265590609
"Anecdote #4: 3 mg/day, 4 days",3.0,4,751.0,353.0,52.996005326231696
Clinical 1 mg/day (24h_half_life (r=0.5)),1.0,21,622.0,340.0,45.337620578778136
Clinical 1 mg/day (36h_half_life (r=0.63)),1.0,21,622.0,340.0000000000001,45.33762057877812
