,Emax,EC50
count,2000.0,2000.0
mean,0.5204181660170814,46.590270730782386
std,0.03930586664571499,11.974110222424859
min,0.4124584860905045,18.679467876804193
5%,0.46225645931044346,29.92954953018456
50%,0.5169347699945304,45.077693481371156
95%,0.5844897974740223,67.80708739549836
max,0.7123224824491414,115.87568087252244
